customer_id,cohort_month,order_count,total_spent,avg_order_value,recency_days,rfm_segment,is_churned
CR-1001,2023-01,3,490.88,163.63,83,Loyal Customers,0
CR-1002,2023-02,2,140.3,70.15,72,At Risk,0
CR-1003,2023-02,5,600.65,120.13,99,Loyal Customers,0
CR-1004,2023-01,1,193.67,193.67,56,Recent New,0
CR-1005,2023-04,1,126.48,126.48,53,Recent New,0
CR-1006,2023-02,3,460.5,153.5,132,Loyal Customers,0
CR-1007,2023-05,3,309.71,103.24,128,Loyal Customers,0
CR-1008,2023-06,2,294.64,147.32,51,Recent New,0
CR-1009,2023-02,12,1721.65,143.47,114,Loyal Customers,0
CR-1010,2023-06,1,249.94,249.94,24,Recent New,0
CR-1011,2023-06,2,249.43,124.72,73,At Risk,0
CR-1012,2023-06,2,162.08,81.04,66,At Risk,0
CR-1013,2023-02,2,122.42,61.21,180,At Risk,1
CR-1014,2023-04,3,470.58,156.86,172,Loyal Customers,0
CR-1015,2023-03,1,121.27,121.27,43,Recent New,0
CR-1016,2023-04,1,235.98,235.98,41,Recent New,0
CR-1017,2023-06,3,520.91,173.64,44,Loyal Customers,0
CR-1018,2023-01,2,264.9,132.45,70,At Risk,0
CR-1019,2023-05,1,202.32,202.32,87,Recent New,0
CR-1020,2023-01,4,530.59,132.65,99,Loyal Customers,0
CR-1021,2023-05,3,226.07,75.36,60,Loyal Customers,0
CR-1022,2023-01,1,44.59,44.59,124,Hibernating,1
CR-1023,2023-04,12,1727.29,143.94,27,Champions,0
CR-1024,2023-04,2,368.51,184.25,35,Recent New,0
CR-1025,2023-02,2,268.57,134.28,171,At Risk,1
CR-1026,2023-01,3,445.21,148.4,66,Loyal Customers,0
CR-1027,2023-02,1,190.61,190.61,80,Recent New,0
CR-1028,2023-03,3,435.36,145.12,71,Loyal Customers,0
CR-1029,2023-02,1,112.45,112.45,40,Recent New,0
CR-1030,2023-05,3,617.66,205.89,164,Loyal Customers,0
CR-1031,2023-01,3,448.27,149.42,63,Loyal Customers,0
CR-1032,2023-02,1,32.58,32.58,126,Hibernating,1
CR-1033,2023-04,4,655.42,163.85,57,Loyal Customers,0
CR-1034,2023-04,2,206.01,103.0,74,At Risk,0
CR-1035,2023-06,3,563.81,187.94,68,Loyal Customers,0
CR-1036,2023-03,3,463.89,154.63,174,Loyal Customers,0
CR-1037,2023-03,3,413.69,137.9,9,Loyal Customers,0
CR-1038,2023-05,1,79.97,79.97,120,Hibernating,1
CR-1039,2023-01,1,186.79,186.79,35,Recent New,0
CR-1040,2023-03,1,125.96,125.96,24,Recent New,0
CR-1041,2023-05,1,210.41,210.41,133,Hibernating,1
CR-1042,2023-02,1,179.73,179.73,7,Recent New,0
CR-1043,2023-02,3,333.46,111.15,138,Loyal Customers,0
CR-1044,2023-05,1,147.29,147.29,141,Hibernating,1
CR-1045,2023-02,2,316.06,158.03,43,Recent New,0
CR-1046,2023-01,2,388.65,194.32,60,Recent New,0
CR-1047,2023-06,1,237.28,237.28,159,Hibernating,1
CR-1048,2023-04,4,666.23,166.56,136,Loyal Customers,0
CR-1049,2023-04,4,459.38,114.84,67,Loyal Customers,0
CR-1050,2023-06,2,331.62,165.81,159,At Risk,1
CR-1051,2023-05,8,1164.17,145.52,43,Loyal Customers,0
CR-1052,2023-06,1,160.11,160.11,66,Recent New,0
CR-1053,2023-03,1,241.94,241.94,73,Recent New,0
CR-1054,2023-02,4,551.05,137.76,116,Loyal Customers,0
CR-1055,2023-02,2,229.7,114.85,33,Recent New,0
CR-1056,2023-05,1,52.57,52.57,163,Hibernating,1
CR-1057,2023-05,2,271.03,135.51,34,Recent New,0
CR-1058,2023-05,3,420.83,140.28,90,Loyal Customers,0
CR-1059,2023-03,5,631.19,126.24,46,Loyal Customers,0
CR-1060,2023-06,2,401.64,200.82,60,Recent New,0
CR-1061,2023-05,1,249.47,249.47,157,Hibernating,1
CR-1062,2023-05,4,623.23,155.81,113,Loyal Customers,0
CR-1063,2023-04,1,53.14,53.14,74,Recent New,0
CR-1064,2023-06,3,502.24,167.41,173,Loyal Customers,0
CR-1065,2023-03,12,1674.75,139.56,99,Loyal Customers,0
CR-1066,2023-05,2,347.72,173.86,157,At Risk,1
CR-1067,2023-01,2,444.49,222.25,150,At Risk,1
CR-1068,2023-01,1,198.09,198.09,95,Hibernating,1
CR-1069,2023-05,2,351.64,175.82,103,At Risk,1
CR-1070,2023-06,3,527.29,175.76,149,Loyal Customers,0
CR-1071,2023-05,1,117.71,117.71,163,Hibernating,1
CR-1072,2023-06,3,367.56,122.52,9,Loyal Customers,0
CR-1073,2023-06,5,897.97,179.59,67,Loyal Customers,0
CR-1074,2023-03,3,434.59,144.86,117,Loyal Customers,0
CR-1075,2023-01,1,183.8,183.8,165,Hibernating,1
CR-1076,2023-03,3,438.16,146.05,168,Loyal Customers,0
CR-1077,2023-03,3,465.4,155.13,130,Loyal Customers,0
CR-1078,2023-01,1,165.61,165.61,61,Recent New,0
CR-1079,2023-03,4,510.64,127.66,130,Loyal Customers,0
CR-1080,2023-06,1,114.19,114.19,70,Recent New,0
CR-1081,2023-06,2,230.45,115.22,95,At Risk,1
CR-1082,2023-02,8,1225.74,153.22,104,Loyal Customers,0
CR-1083,2023-05,2,123.62,61.81,156,At Risk,1
CR-1084,2023-06,1,87.94,87.94,90,Recent New,0
CR-1085,2023-05,1,59.27,59.27,101,Hibernating,1
CR-1086,2023-01,4,785.42,196.35,24,Champions,0
CR-1087,2023-03,12,1596.1,133.01,6,Champions,0
CR-1088,2023-03,1,34.57,34.57,159,Hibernating,1
CR-1089,2023-04,4,548.16,137.04,135,Loyal Customers,0
CR-1090,2023-05,1,156.6,156.6,102,Hibernating,1
CR-1091,2023-06,1,205.3,205.3,96,Hibernating,1
CR-1092,2023-03,1,110.19,110.19,63,Recent New,0
CR-1093,2023-03,2,229.45,114.72,85,At Risk,0
CR-1094,2023-06,1,148.42,148.42,35,Recent New,0
CR-1095,2023-01,12,2027.45,168.95,150,Loyal Customers,0
CR-1096,2023-01,2,286.37,143.19,19,Recent New,0
CR-1097,2023-02,1,128.66,128.66,169,Hibernating,1
CR-1098,2023-01,4,472.25,118.06,73,Loyal Customers,0
CR-1099,2023-05,1,227.24,227.24,10,Recent New,0
CR-1100,2023-06,2,322.94,161.47,37,Recent New,0
CR-1101,2023-04,1,129.46,129.46,140,Hibernating,1
CR-1102,2023-06,2,258.09,129.04,133,At Risk,1
CR-1103,2023-04,1,148.71,148.71,177,Hibernating,1
CR-1104,2023-05,1,31.49,31.49,159,Hibernating,1
CR-1105,2023-01,3,410.19,136.73,160,Loyal Customers,0
CR-1106,2023-01,2,381.85,190.93,66,At Risk,0
CR-1107,2023-05,3,498.06,166.02,129,Loyal Customers,0
CR-1108,2023-06,1,49.6,49.6,106,Hibernating,1
CR-1109,2023-05,3,501.74,167.25,124,Loyal Customers,0
CR-1110,2023-02,4,362.43,90.61,67,Loyal Customers,0
CR-1111,2023-04,1,87.31,87.31,54,Recent New,0
CR-1112,2023-02,1,172.39,172.39,23,Recent New,0
CR-1113,2023-03,2,137.4,68.7,158,At Risk,1
CR-1114,2023-01,12,1634.72,136.23,51,Loyal Customers,0
CR-1115,2023-06,2,148.04,74.02,91,At Risk,1
CR-1116,2023-01,4,775.11,193.78,48,Loyal Customers,0
CR-1117,2023-05,1,210.18,210.18,10,Recent New,0
CR-1118,2023-05,1,148.27,148.27,33,Recent New,0
CR-1119,2023-03,5,512.56,102.51,52,Loyal Customers,0
CR-1120,2023-05,1,164.9,164.9,89,Recent New,0
CR-1121,2023-04,5,602.23,120.45,89,Loyal Customers,0
CR-1122,2023-02,1,82.68,82.68,128,Hibernating,1
CR-1123,2023-02,3,328.16,109.39,125,Loyal Customers,0
CR-1124,2023-06,3,410.69,136.9,172,Loyal Customers,0
CR-1125,2023-06,1,146.01,146.01,150,Hibernating,1
CR-1126,2023-06,2,266.92,133.46,54,Recent New,0
CR-1127,2023-03,1,128.54,128.54,53,Recent New,0
CR-1128,2023-03,5,385.84,77.17,146,Loyal Customers,0
CR-1129,2023-04,2,345.6,172.8,76,At Risk,0
CR-1130,2023-06,2,185.22,92.61,25,Recent New,0
CR-1131,2023-03,4,517.35,129.34,15,Champions,0
CR-1132,2023-05,1,242.69,242.69,101,Hibernating,1
CR-1133,2023-02,1,148.31,148.31,178,Hibernating,1
CR-1134,2023-04,3,326.08,108.69,14,Loyal Customers,0
CR-1135,2023-02,1,238.99,238.99,59,Recent New,0
CR-1136,2023-06,1,187.09,187.09,129,Hibernating,1
CR-1137,2023-02,2,204.82,102.41,100,At Risk,1
CR-1138,2023-02,5,784.92,156.98,87,Loyal Customers,0
CR-1139,2023-02,12,1790.56,149.21,55,Loyal Customers,0
CR-1140,2023-06,3,393.33,131.11,108,Loyal Customers,0
CR-1141,2023-04,1,228.24,228.24,127,Hibernating,1
CR-1142,2023-03,2,284.84,142.42,117,At Risk,1
CR-1143,2023-02,2,249.33,124.67,32,Recent New,0
CR-1144,2023-02,5,633.84,126.77,177,Loyal Customers,0
CR-1145,2023-06,5,567.51,113.5,33,Loyal Customers,0
CR-1146,2023-04,4,755.13,188.78,35,Loyal Customers,0
CR-1147,2023-05,12,1554.25,129.52,13,Champions,0
CR-1148,2023-06,5,601.64,120.33,42,Loyal Customers,0
CR-1149,2023-03,4,513.78,128.44,17,Champions,0
CR-1150,2023-04,1,238.3,238.3,132,Hibernating,1
CR-1151,2023-01,1,167.99,167.99,88,Recent New,0
CR-1152,2023-06,3,378.04,126.01,157,Loyal Customers,0
CR-1153,2023-05,1,65.44,65.44,143,Hibernating,1
CR-1154,2023-03,1,180.65,180.65,107,Hibernating,1
CR-1155,2023-05,2,233.47,116.73,85,At Risk,0
CR-1156,2023-03,1,228.33,228.33,178,Hibernating,1
CR-1157,2023-02,1,30.75,30.75,17,Recent New,0
CR-1158,2023-04,3,303.94,101.31,147,Loyal Customers,0
CR-1159,2023-05,1,172.75,172.75,124,Hibernating,1
CR-1160,2023-05,2,257.67,128.84,118,At Risk,1
CR-1161,2023-06,1,137.92,137.92,67,Recent New,0
CR-1162,2023-03,12,1758.93,146.58,8,Champions,0
CR-1163,2023-04,3,379.21,126.4,141,Loyal Customers,0
CR-1164,2023-02,12,1617.1,134.76,138,Loyal Customers,0
CR-1165,2023-02,1,186.77,186.77,148,Hibernating,1
CR-1166,2023-02,5,854.59,170.92,107,Loyal Customers,0
CR-1167,2023-03,2,138.07,69.03,30,Recent New,0
CR-1168,2023-05,2,309.31,154.66,162,At Risk,1
CR-1169,2023-04,1,77.78,77.78,144,Hibernating,1
CR-1170,2023-02,2,361.16,180.58,116,At Risk,1
CR-1171,2023-01,2,291.65,145.82,72,At Risk,0
CR-1172,2023-06,2,370.31,185.16,150,At Risk,1
CR-1173,2023-02,1,99.63,99.63,65,Recent New,0
CR-1174,2023-06,1,234.88,234.88,83,Recent New,0
CR-1175,2023-05,5,961.08,192.22,24,Champions,0
CR-1176,2023-01,1,219.69,219.69,16,Recent New,0
CR-1177,2023-03,4,465.12,116.28,57,Loyal Customers,0
CR-1178,2023-03,4,710.46,177.62,124,Loyal Customers,0
CR-1179,2023-03,3,299.69,99.9,41,Loyal Customers,0
CR-1180,2023-02,1,147.11,147.11,161,Hibernating,1
CR-1181,2023-04,1,151.51,151.51,123,Hibernating,1
CR-1182,2023-06,12,1606.78,133.9,179,Loyal Customers,0
CR-1183,2023-03,5,937.08,187.42,148,Loyal Customers,0
CR-1184,2023-03,4,577.19,144.3,79,Loyal Customers,0
CR-1185,2023-06,1,62.89,62.89,174,Hibernating,1
CR-1186,2023-02,8,1202.08,150.26,109,Loyal Customers,0
CR-1187,2023-02,1,85.6,85.6,134,Hibernating,1
CR-1188,2023-03,12,1742.59,145.22,171,Loyal Customers,0
CR-1189,2023-01,1,36.9,36.9,162,Hibernating,1
CR-1190,2023-01,3,376.97,125.66,100,Loyal Customers,0
CR-1191,2023-04,1,177.82,177.82,99,Hibernating,1
CR-1192,2023-03,1,142.77,142.77,111,Hibernating,1
CR-1193,2023-04,3,252.84,84.28,52,Loyal Customers,0
CR-1194,2023-04,1,48.33,48.33,118,Hibernating,1
CR-1195,2023-06,1,176.57,176.57,84,Recent New,0
CR-1196,2023-05,4,374.44,93.61,48,Loyal Customers,0
CR-1197,2023-03,1,155.82,155.82,63,Recent New,0
CR-1198,2023-01,4,494.05,123.51,161,Loyal Customers,0
CR-1199,2023-01,1,167.75,167.75,120,Hibernating,1
CR-1200,2023-06,4,497.98,124.5,54,Loyal Customers,0
CR-1201,2023-06,5,615.08,123.02,56,Loyal Customers,0
CR-1202,2023-01,3,355.1,118.37,53,Loyal Customers,0
CR-1203,2023-06,12,1225.2,102.1,51,Loyal Customers,0
CR-1204,2023-06,1,197.57,197.57,51,Recent New,0
CR-1205,2023-02,4,607.24,151.81,78,Loyal Customers,0
CR-1206,2023-05,1,170.93,170.93,58,Recent New,0
CR-1207,2023-04,1,105.85,105.85,64,Recent New,0
CR-1208,2023-05,1,225.92,225.92,177,Hibernating,1
CR-1209,2023-03,1,65.48,65.48,18,Recent New,0
CR-1210,2023-01,2,271.88,135.94,113,At Risk,1
CR-1211,2023-01,2,355.81,177.91,175,At Risk,1
CR-1212,2023-01,1,199.7,199.7,95,Hibernating,1
CR-1213,2023-06,2,223.7,111.85,70,At Risk,0
CR-1214,2023-06,4,598.09,149.52,128,Loyal Customers,0
CR-1215,2023-03,2,274.08,137.04,46,Recent New,0
CR-1216,2023-01,2,343.74,171.87,86,At Risk,0
CR-1217,2023-04,2,357.28,178.64,39,Recent New,0
CR-1218,2023-06,3,218.37,72.79,84,Loyal Customers,0
CR-1219,2023-04,12,1332.77,111.06,8,Champions,0
CR-1220,2023-04,1,96.77,96.77,143,Hibernating,1
CR-1221,2023-03,1,137.04,137.04,130,Hibernating,1
CR-1222,2023-04,1,217.35,217.35,127,Hibernating,1
CR-1223,2023-06,1,241.52,241.52,20,Recent New,0
CR-1224,2023-03,3,368.97,122.99,129,Loyal Customers,0
CR-1225,2023-02,1,32.85,32.85,81,Recent New,0
CR-1226,2023-06,1,168.7,168.7,178,Hibernating,1
CR-1227,2023-05,1,56.81,56.81,36,Recent New,0
CR-1228,2023-05,1,189.45,189.45,179,Hibernating,1
CR-1229,2023-02,1,243.49,243.49,19,Recent New,0
CR-1230,2023-01,1,121.74,121.74,56,Recent New,0
CR-1231,2023-03,2,458.79,229.4,165,At Risk,1
CR-1232,2023-04,3,411.92,137.31,52,Loyal Customers,0
CR-1233,2023-02,8,1385.86,173.23,7,Champions,0
CR-1234,2023-03,2,246.07,123.03,162,At Risk,1
CR-1235,2023-03,1,138.01,138.01,157,Hibernating,1
CR-1236,2023-06,1,128.89,128.89,52,Recent New,0
CR-1237,2023-03,3,445.36,148.45,60,Loyal Customers,0
CR-1238,2023-06,1,108.36,108.36,161,Hibernating,1
CR-1239,2023-04,2,442.88,221.44,127,At Risk,1
CR-1240,2023-03,2,359.3,179.65,168,At Risk,1
CR-1241,2023-02,8,1175.84,146.98,111,Loyal Customers,0
CR-1242,2023-06,3,181.51,60.5,9,Loyal Customers,0
CR-1243,2023-01,2,245.04,122.52,122,At Risk,1
CR-1244,2023-02,1,114.04,114.04,43,Recent New,0
CR-1245,2023-05,1,99.1,99.1,73,Recent New,0
CR-1246,2023-04,1,185.39,185.39,119,Hibernating,1
CR-1247,2023-03,1,58.28,58.28,7,Recent New,0
CR-1248,2023-01,1,101.84,101.84,125,Hibernating,1
CR-1249,2023-03,1,213.0,213.0,99,Hibernating,1
CR-1250,2023-05,1,125.54,125.54,85,Recent New,0
CR-1251,2023-04,1,164.88,164.88,11,Recent New,0
CR-1252,2023-06,1,154.44,154.44,148,Hibernating,1
CR-1253,2023-01,4,333.15,83.29,20,Champions,0
CR-1254,2023-02,1,145.01,145.01,63,Recent New,0
CR-1255,2023-01,3,469.09,156.36,20,Loyal Customers,0
CR-1256,2023-04,1,43.67,43.67,109,Hibernating,1
CR-1257,2023-06,3,383.07,127.69,56,Loyal Customers,0
CR-1258,2023-04,1,197.81,197.81,69,Recent New,0
CR-1259,2023-02,1,171.85,171.85,145,Hibernating,1
CR-1260,2023-01,1,215.44,215.44,60,Recent New,0
CR-1261,2023-04,1,78.18,78.18,62,Recent New,0
CR-1262,2023-02,8,833.6,104.2,109,Loyal Customers,0
CR-1263,2023-05,1,74.03,74.03,12,Recent New,0
CR-1264,2023-02,1,138.12,138.12,92,Hibernating,1
CR-1265,2023-06,1,223.96,223.96,133,Hibernating,1
CR-1266,2023-02,1,63.5,63.5,4,Recent New,0
CR-1267,2023-06,3,386.68,128.89,43,Loyal Customers,0
CR-1268,2023-02,3,387.0,129.0,103,Loyal Customers,0
CR-1269,2023-01,2,257.38,128.69,169,At Risk,1
CR-1270,2023-06,2,189.92,94.96,13,Recent New,0
CR-1271,2023-04,3,489.78,163.26,148,Loyal Customers,0
CR-1272,2023-06,3,616.63,205.54,80,Loyal Customers,0
CR-1273,2023-03,2,253.08,126.54,67,At Risk,0
CR-1274,2023-02,2,175.79,87.89,49,Recent New,0
CR-1275,2023-03,1,238.29,238.29,102,Hibernating,1
CR-1276,2023-06,1,246.53,246.53,157,Hibernating,1
CR-1277,2023-02,5,914.89,182.98,22,Champions,0
CR-1278,2023-05,1,30.06,30.06,10,Recent New,0
CR-1279,2023-05,1,32.47,32.47,73,Recent New,0
CR-1280,2023-01,1,113.91,113.91,148,Hibernating,1
CR-1281,2023-02,1,110.97,110.97,168,Hibernating,1
CR-1282,2023-02,8,821.38,102.67,119,Loyal Customers,0
CR-1283,2023-02,1,170.08,170.08,177,Hibernating,1
CR-1284,2023-01,4,547.68,136.92,119,Loyal Customers,0
CR-1285,2023-05,2,125.05,62.52,147,At Risk,1
CR-1286,2023-04,1,182.2,182.2,58,Recent New,0
CR-1287,2023-01,1,113.03,113.03,12,Recent New,0
CR-1288,2023-04,1,132.45,132.45,47,Recent New,0
CR-1289,2023-01,2,83.55,41.77,74,At Risk,0
CR-1290,2023-06,1,135.42,135.42,71,Recent New,0
CR-1291,2023-01,2,313.28,156.64,179,At Risk,1
CR-1292,2023-04,3,442.7,147.57,114,Loyal Customers,0
CR-1293,2023-05,8,1011.46,126.43,44,Loyal Customers,0
CR-1294,2023-03,2,262.91,131.46,40,Recent New,0
CR-1295,2023-03,3,292.96,97.65,122,Loyal Customers,0
CR-1296,2023-03,3,466.14,155.38,175,Loyal Customers,0
CR-1297,2023-05,1,241.51,241.51,25,Recent New,0
CR-1298,2023-05,1,60.28,60.28,94,Hibernating,1
CR-1299,2023-06,2,415.41,207.71,45,Recent New,0
CR-1300,2023-01,1,232.03,232.03,163,Hibernating,1
CR-1301,2023-02,2,361.89,180.94,43,Recent New,0
CR-1302,2023-05,1,209.58,209.58,55,Recent New,0
CR-1303,2023-06,1,211.16,211.16,31,Recent New,0
CR-1304,2023-05,2,300.91,150.46,68,At Risk,0
CR-1305,2023-05,2,146.13,73.06,88,At Risk,0
CR-1306,2023-04,1,191.01,191.01,98,Hibernating,1
CR-1307,2023-05,5,660.55,132.11,30,Loyal Customers,0
CR-1308,2023-02,2,343.36,171.68,51,Recent New,0
CR-1309,2023-06,1,204.59,204.59,132,Hibernating,1
CR-1310,2023-01,2,414.37,207.19,81,At Risk,0
CR-1311,2023-02,3,343.08,114.36,51,Loyal Customers,0
CR-1312,2023-01,1,95.07,95.07,56,Recent New,0
CR-1313,2023-02,4,410.19,102.55,94,Loyal Customers,0
CR-1314,2023-06,1,183.52,183.52,79,Recent New,0
CR-1315,2023-03,1,75.86,75.86,112,Hibernating,1
CR-1316,2023-05,2,300.51,150.25,13,Recent New,0
CR-1317,2023-06,2,137.25,68.62,10,Recent New,0
CR-1318,2023-03,3,482.47,160.82,28,Loyal Customers,0
CR-1319,2023-04,2,273.68,136.84,178,At Risk,1
CR-1320,2023-04,12,1471.3,122.61,157,Loyal Customers,0
CR-1321,2023-04,1,98.16,98.16,118,Hibernating,1
CR-1322,2023-02,2,231.33,115.67,154,At Risk,1
CR-1323,2023-06,3,504.05,168.02,121,Loyal Customers,0
CR-1324,2023-03,2,348.89,174.44,170,At Risk,1
CR-1325,2023-06,1,158.85,158.85,135,Hibernating,1
CR-1326,2023-04,1,129.38,129.38,44,Recent New,0
CR-1327,2023-01,1,102.91,102.91,31,Recent New,0
CR-1328,2023-06,1,214.22,214.22,53,Recent New,0
CR-1329,2023-04,2,231.92,115.96,170,At Risk,1
CR-1330,2023-02,3,214.66,71.55,177,Loyal Customers,0
CR-1331,2023-05,4,622.88,155.72,28,Champions,0
CR-1332,2023-02,1,192.88,192.88,157,Hibernating,1
CR-1333,2023-05,1,139.15,139.15,113,Hibernating,1
CR-1334,2023-01,3,488.08,162.69,110,Loyal Customers,0
CR-1335,2023-04,1,125.98,125.98,111,Hibernating,1
CR-1336,2023-01,1,87.81,87.81,173,Hibernating,1
CR-1337,2023-03,2,225.08,112.54,38,Recent New,0
CR-1338,2023-01,1,49.0,49.0,50,Recent New,0
CR-1339,2023-06,1,175.17,175.17,142,Hibernating,1
CR-1340,2023-03,2,378.72,189.36,171,At Risk,1
CR-1341,2023-02,2,94.23,47.12,54,Recent New,0
CR-1342,2023-02,1,194.26,194.26,103,Hibernating,1
CR-1343,2023-01,1,142.24,142.24,6,Recent New,0
CR-1344,2023-01,2,235.21,117.61,80,At Risk,0
CR-1345,2023-02,1,83.61,83.61,125,Hibernating,1
CR-1346,2023-02,1,134.45,134.45,125,Hibernating,1
CR-1347,2023-02,1,115.33,115.33,165,Hibernating,1
CR-1348,2023-06,2,269.0,134.5,35,Recent New,0
CR-1349,2023-05,1,197.31,197.31,125,Hibernating,1
CR-1350,2023-05,12,1588.87,132.41,52,Loyal Customers,0
CR-1351,2023-06,3,455.17,151.72,60,Loyal Customers,0
CR-1352,2023-06,5,857.67,171.53,165,Loyal Customers,0
CR-1353,2023-02,1,144.68,144.68,130,Hibernating,1
CR-1354,2023-01,1,36.8,36.8,19,Recent New,0
CR-1355,2023-05,1,226.16,226.16,40,Recent New,0
CR-1356,2023-06,1,91.03,91.03,74,Recent New,0
CR-1357,2023-04,2,352.2,176.1,140,At Risk,1
CR-1358,2023-05,1,97.79,97.79,123,Hibernating,1
CR-1359,2023-05,2,411.32,205.66,153,At Risk,1
CR-1360,2023-06,2,341.94,170.97,149,At Risk,1
CR-1361,2023-02,2,187.75,93.88,90,At Risk,0
CR-1362,2023-05,2,254.25,127.12,71,At Risk,0
CR-1363,2023-03,4,576.12,144.03,64,Loyal Customers,0
CR-1364,2023-05,1,243.91,243.91,52,Recent New,0
CR-1365,2023-03,2,208.6,104.3,111,At Risk,1
CR-1366,2023-06,2,424.95,212.47,38,Recent New,0
CR-1367,2023-06,1,181.16,181.16,95,Hibernating,1
CR-1368,2023-06,2,306.22,153.11,151,At Risk,1
CR-1369,2023-05,1,189.41,189.41,77,Recent New,0
CR-1370,2023-06,1,161.59,161.59,165,Hibernating,1
CR-1371,2023-03,1,172.45,172.45,130,Hibernating,1
CR-1372,2023-03,1,136.56,136.56,72,Recent New,0
CR-1373,2023-05,2,191.15,95.58,21,Recent New,0
CR-1374,2023-03,1,112.84,112.84,143,Hibernating,1
CR-1375,2023-04,1,71.56,71.56,68,Recent New,0
CR-1376,2023-04,2,406.38,203.19,73,At Risk,0
CR-1377,2023-05,2,115.04,57.52,112,At Risk,1
CR-1378,2023-06,12,1441.88,120.16,27,Champions,0
CR-1379,2023-06,2,301.16,150.58,148,At Risk,1
CR-1380,2023-01,1,104.27,104.27,162,Hibernating,1
CR-1381,2023-06,1,124.56,124.56,62,Recent New,0
CR-1382,2023-02,2,244.22,122.11,144,At Risk,1
CR-1383,2023-03,4,393.24,98.31,101,Loyal Customers,0
CR-1384,2023-02,2,99.12,49.56,149,At Risk,1
CR-1385,2023-06,2,452.4,226.2,34,Recent New,0
CR-1386,2023-01,1,119.41,119.41,64,Recent New,0
CR-1387,2023-04,2,458.09,229.04,74,At Risk,0
CR-1388,2023-01,1,177.66,177.66,114,Hibernating,1
CR-1389,2023-05,4,642.55,160.64,107,Loyal Customers,0
CR-1390,2023-06,1,63.08,63.08,101,Hibernating,1
CR-1391,2023-05,3,308.51,102.84,175,Loyal Customers,0
CR-1392,2023-04,1,222.53,222.53,90,Recent New,0
CR-1393,2023-03,1,141.66,141.66,102,Hibernating,1
CR-1394,2023-04,2,296.81,148.41,156,At Risk,1
CR-1395,2023-06,2,185.93,92.97,58,Recent New,0
CR-1396,2023-03,1,90.31,90.31,77,Recent New,0
CR-1397,2023-02,1,223.1,223.1,9,Recent New,0
CR-1398,2023-06,5,718.23,143.65,91,Loyal Customers,0
CR-1399,2023-03,1,138.01,138.01,117,Hibernating,1
CR-1400,2023-04,1,86.08,86.08,61,Recent New,0
CR-1401,2023-03,1,249.36,249.36,125,Hibernating,1
CR-1402,2023-02,1,217.8,217.8,168,Hibernating,1
CR-1403,2023-05,2,424.33,212.16,100,At Risk,1
CR-1404,2023-03,1,80.29,80.29,43,Recent New,0
CR-1405,2023-01,2,236.71,118.36,137,At Risk,1
CR-1406,2023-03,2,313.36,156.68,74,At Risk,0
CR-1407,2023-02,1,98.55,98.55,136,Hibernating,1
CR-1408,2023-01,1,50.3,50.3,16,Recent New,0
CR-1409,2023-05,2,442.38,221.19,48,Recent New,0
CR-1410,2023-03,2,464.13,232.06,63,At Risk,0
CR-1411,2023-01,3,304.57,101.52,28,Loyal Customers,0
CR-1412,2023-03,3,258.39,86.13,97,Loyal Customers,0
CR-1413,2023-06,1,147.4,147.4,50,Recent New,0
CR-1414,2023-02,3,259.31,86.44,8,Loyal Customers,0
CR-1415,2023-05,2,102.2,51.1,15,Recent New,0
CR-1416,2023-04,1,59.1,59.1,158,Hibernating,1
CR-1417,2023-03,2,175.51,87.75,47,Recent New,0
CR-1418,2023-06,1,84.61,84.61,166,Hibernating,1
CR-1419,2023-05,3,187.92,62.64,120,Loyal Customers,0
CR-1420,2023-05,3,445.08,148.36,106,Loyal Customers,0
CR-1421,2023-05,2,316.74,158.37,158,At Risk,1
CR-1422,2023-05,3,535.38,178.46,107,Loyal Customers,0
CR-1423,2023-02,2,347.0,173.5,55,Recent New,0
CR-1424,2023-01,2,206.51,103.25,157,At Risk,1
CR-1425,2023-04,1,95.89,95.89,9,Recent New,0
CR-1426,2023-03,2,272.49,136.25,166,At Risk,1
CR-1427,2023-02,1,159.89,159.89,38,Recent New,0
CR-1428,2023-06,3,406.62,135.54,115,Loyal Customers,0
CR-1429,2023-03,2,264.94,132.47,55,Recent New,0
CR-1430,2023-04,1,241.12,241.12,65,Recent New,0
CR-1431,2023-02,4,502.0,125.5,101,Loyal Customers,0
CR-1432,2023-06,4,503.85,125.96,13,Champions,0
CR-1433,2023-04,1,102.92,102.92,82,Recent New,0
CR-1434,2023-05,1,248.26,248.26,40,Recent New,0
CR-1435,2023-06,3,202.86,67.62,136,Loyal Customers,0
CR-1436,2023-03,1,118.75,118.75,159,Hibernating,1
CR-1437,2023-04,1,101.84,101.84,97,Hibernating,1
CR-1438,2023-01,3,580.08,193.36,113,Loyal Customers,0
CR-1439,2023-05,1,201.45,201.45,147,Hibernating,1
CR-1440,2023-05,1,242.99,242.99,99,Hibernating,1
CR-1441,2023-03,2,315.73,157.87,71,At Risk,0
CR-1442,2023-02,1,231.3,231.3,26,Recent New,0
CR-1443,2023-05,1,116.77,116.77,13,Recent New,0
CR-1444,2023-01,1,239.78,239.78,52,Recent New,0
CR-1445,2023-04,2,333.57,166.78,41,Recent New,0
CR-1446,2023-04,2,317.67,158.84,3,Recent New,0
CR-1447,2023-01,1,38.24,38.24,126,Hibernating,1
CR-1448,2023-01,1,231.33,231.33,45,Recent New,0
CR-1449,2023-06,2,178.71,89.36,90,At Risk,0
CR-1450,2023-05,3,485.46,161.82,150,Loyal Customers,0
CR-1451,2023-05,2,421.56,210.78,164,At Risk,1
CR-1452,2023-06,1,64.23,64.23,177,Hibernating,1
CR-1453,2023-06,2,387.53,193.76,65,At Risk,0
CR-1454,2023-02,3,452.12,150.71,79,Loyal Customers,0
CR-1455,2023-04,8,1321.78,165.22,59,Loyal Customers,0
CR-1456,2023-02,2,115.41,57.7,141,At Risk,1
CR-1457,2023-05,1,193.36,193.36,110,Hibernating,1
CR-1458,2023-05,1,47.85,47.85,44,Recent New,0
CR-1459,2023-05,2,278.84,139.42,83,At Risk,0
CR-1460,2023-01,1,209.31,209.31,42,Recent New,0
CR-1461,2023-04,2,273.0,136.5,33,Recent New,0
CR-1462,2023-03,1,223.4,223.4,128,Hibernating,1
CR-1463,2023-04,2,336.05,168.03,76,At Risk,0
CR-1464,2023-02,2,131.3,65.65,86,At Risk,0
CR-1465,2023-05,1,48.23,48.23,24,Recent New,0
CR-1466,2023-01,3,319.13,106.38,26,Loyal Customers,0
CR-1467,2023-06,2,278.66,139.33,48,Recent New,0
CR-1468,2023-01,1,246.41,246.41,96,Hibernating,1
CR-1469,2023-06,2,320.48,160.24,149,At Risk,1
CR-1470,2023-01,1,226.43,226.43,87,Recent New,0
CR-1471,2023-01,1,158.23,158.23,13,Recent New,0
CR-1472,2023-05,1,232.96,232.96,46,Recent New,0
CR-1473,2023-04,4,534.91,133.73,21,Champions,0
CR-1474,2023-05,1,44.29,44.29,158,Hibernating,1
CR-1475,2023-03,1,200.74,200.74,134,Hibernating,1
CR-1476,2023-01,2,171.65,85.83,103,At Risk,1
CR-1477,2023-03,2,391.14,195.57,94,At Risk,1
CR-1478,2023-05,1,173.77,173.77,105,Hibernating,1
CR-1479,2023-04,3,426.39,142.13,86,Loyal Customers,0
CR-1480,2023-02,1,62.72,62.72,42,Recent New,0
CR-1481,2023-01,1,159.29,159.29,33,Recent New,0
CR-1482,2023-02,1,128.76,128.76,41,Recent New,0
CR-1483,2023-06,1,199.48,199.48,179,Hibernating,1
CR-1484,2023-03,2,313.87,156.94,34,Recent New,0
CR-1485,2023-06,2,368.22,184.11,80,At Risk,0
CR-1486,2023-06,1,134.11,134.11,11,Recent New,0
CR-1487,2023-03,1,72.13,72.13,19,Recent New,0
CR-1488,2023-01,1,217.67,217.67,67,Recent New,0
CR-1489,2023-04,1,139.48,139.48,171,Hibernating,1
CR-1490,2023-04,3,558.15,186.05,111,Loyal Customers,0
CR-1491,2023-06,1,231.41,231.41,148,Hibernating,1
CR-1492,2023-06,1,221.22,221.22,45,Recent New,0
CR-1493,2023-03,1,137.12,137.12,88,Recent New,0
CR-1494,2023-02,1,60.88,60.88,134,Hibernating,1
CR-1495,2023-05,2,165.63,82.81,49,Recent New,0
CR-1496,2023-04,1,32.03,32.03,95,Hibernating,1
CR-1497,2023-06,1,165.27,165.27,89,Recent New,0
CR-1498,2023-01,1,199.74,199.74,131,Hibernating,1
CR-1499,2023-02,1,103.15,103.15,171,Hibernating,1
CR-1500,2023-06,3,352.43,117.48,154,Loyal Customers,0
